Time,NoBlobs,Evolution_time,Circulation
0.02,1175,0.8880855469997186,0.999997494576314
