Time,NoBlobs,Evolution_time,Circulation
0.02,3177,0.5397800529999586,1.0000000002071998
0.04,3175,0.14133527100000265,0.9999999991393723
